time,horizontal_distance,horizontal_distance_detrended,vertical_distance,vertical_distance_detrended
2025-10-04-08-19-03,70.307,-3.6815527638190844,12.397021032670047,-0.649157083163125
2025-10-04-08-19-04,71.81,-2.1785527638190842,12.66204048467487,-0.3841376311583016
2025-10-04-08-19-05,75.48400000000001,1.4954472361809223,13.309865811797772,0.2636876959646006
2025-10-04-08-19-06,76.152,2.1634472361809145,13.427652234911024,0.38147411907785234
2025-10-04-08-19-07,76.653,2.6644472361809193,13.515992052245966,0.4698139364127947
2025-10-04-08-19-08,76.82000000000001,2.831447236180921,13.545438658024281,0.4992605421911094
2025-10-04-08-19-09,76.98700000000001,2.9984472361809225,13.574885263802594,0.5287071479694223
2025-10-04-08-19-10,76.653,2.6644472361809193,13.515992052245966,0.4698139364127947
2025-10-04-08-19-11,68.804,-5.1845527638190845,12.132001580665225,-0.9141765351679467
2025-10-04-08-19-12,67.301,-6.687552763819085,11.866982128660402,-1.1791959871727702
2025-10-04-08-19-13,68.804,-5.1845527638190845,12.132001580665225,-0.9141765351679467
2025-10-04-08-19-14,72.47800000000001,-1.5105527638190779,12.779826907788125,-0.2663512080450463
2025-10-04-08-19-15,73.48,-0.5085527638190825,12.956506542458007,-0.08967157337516518
2025-10-04-08-19-16,74.315,0.3264472361809112,13.103739571349575,0.057561455516403015
2025-10-04-08-19-17,74.816,0.827447236180916,13.192079388684515,0.14590127285134358
2025-10-04-08-19-18,74.649,0.6604472361809144,13.162632782906202,0.11645466707303065
2025-10-04-08-19-19,74.482,0.4934472361809128,13.133186177127888,0.08700806129471594
2025-10-04-08-19-20,73.98100000000001,-0.007552763819077768,13.044846359792949,-0.0013317560402228423
2025-10-04-08-19-21,70.641,-3.347552763819081,12.455914244226676,-0.5902638716064956
2025-10-04-08-19-22,72.47800000000001,-1.5105527638190779,12.779826907788125,-0.2663512080450463
2025-10-04-08-19-23,75.31700000000001,1.3284472361809208,13.280419206019458,0.23424109018628592
2025-10-04-08-19-24,75.65100000000001,1.662447236180924,13.339312417576085,0.29313430174291355
2025-10-04-08-19-25,75.818,1.8294472361809113,13.368759023354396,0.3225809075212247
2025-10-04-08-19-26,76.152,2.1634472361809145,13.427652234911024,0.38147411907785234
2025-10-04-08-19-27,76.319,2.330447236180916,13.457098840689339,0.41092072485616704
2025-10-04-08-19-28,75.818,1.8294472361809113,13.368759023354396,0.3225809075212247
2025-10-04-08-19-29,69.63900000000001,-4.3495527638190765,12.279234609556795,-0.7669435062763768
2025-10-04-08-19-30,70.641,-3.347552763819081,12.455914244226676,-0.5902638716064956
2025-10-04-08-19-31,71.977,-2.0115527638190827,12.691487090453185,-0.35469102537998687
2025-10-04-08-19-32,73.313,-0.6755527638190841,12.927059936679694,-0.11911817915347811
2025-10-04-08-19-33,73.98100000000001,-0.007552763819077768,13.044846359792949,-0.0013317560402228423
2025-10-04-08-19-34,75.31700000000001,1.3284472361809208,13.280419206019458,0.23424109018628592
2025-10-04-08-19-35,75.65100000000001,1.662447236180924,13.339312417576085,0.29313430174291355
2025-10-04-08-19-36,75.65100000000001,1.662447236180924,13.339312417576085,0.29313430174291355
2025-10-04-08-19-37,75.818,1.8294472361809113,13.368759023354396,0.3225809075212247
2025-10-04-08-19-38,73.98100000000001,-0.007552763819077768,13.044846359792949,-0.0013317560402228423
2025-10-04-08-19-39,73.48,-0.5085527638190825,12.956506542458007,-0.08967157337516518
2025-10-04-08-19-40,69.63900000000001,-4.3495527638190765,12.279234609556795,-0.7669435062763768
2025-10-04-08-19-41,71.81,-2.1785527638190842,12.66204048467487,-0.3841376311583016
2025-10-04-08-19-42,72.47800000000001,-1.5105527638190779,12.779826907788125,-0.2663512080450463
2025-10-04-08-19-43,75.15,1.1614472361809192,13.250972600241145,0.204794484407973
2025-10-04-08-19-44,76.653,2.6644472361809193,13.515992052245966,0.4698139364127947
2025-10-04-08-19-45,76.98700000000001,2.9984472361809225,13.574885263802594,0.5287071479694223
2025-10-04-08-19-46,76.82000000000001,2.831447236180921,13.545438658024281,0.4992605421911094
2025-10-04-08-19-47,76.653,2.6644472361809193,13.515992052245966,0.4698139364127947
2025-10-04-08-19-48,76.486,2.4974472361809177,13.486545446467654,0.44036733063448175
2025-10-04-08-19-49,66.299,-7.68955276381908,11.69030249399052,-1.3558756218426513
2025-10-04-08-19-50,70.97500000000001,-3.013552763819078,12.514807455783304,-0.531370660049868
2025-10-04-08-19-51,73.647,-0.34155276381908095,12.985953148236321,-0.060224967596850476
2025-10-04-08-19-52,75.15,1.1614472361809192,13.250972600241145,0.204794484407973
2025-10-04-08-19-53,75.48400000000001,1.4954472361809223,13.309865811797772,0.2636876959646006
2025-10-04-08-19-54,74.482,0.4934472361809128,13.133186177127888,0.08700806129471594
2025-10-04-08-19-55,72.47800000000001,-1.5105527638190779,12.779826907788125,-0.2663512080450463
2025-10-04-08-19-56,70.474,-3.5145527638190828,12.426467638448361,-0.6197104773848103
2025-10-04-08-19-57,69.63900000000001,-4.3495527638190765,12.279234609556795,-0.7669435062763768
2025-10-04-08-19-58,67.301,-6.687552763819085,11.866982128660402,-1.1791959871727702
2025-10-04-08-19-59,65.798,-8.190552763819085,11.601962676655578,-1.4442154391775937
2025-10-04-08-20-00,71.14200000000001,-2.8465527638190764,12.544254061561617,-0.5019240542715551
2025-10-04-08-20-01,73.81400000000001,-0.17455276381907936,13.015399754014634,-0.030778361818537547
2025-10-04-08-20-02,74.14800000000001,0.15944723618092382,13.074292965571264,0.028114849738091863
2025-10-04-08-20-03,74.315,0.3264472361809112,13.103739571349575,0.057561455516403015
2025-10-04-08-20-04,73.313,-0.6755527638190841,12.927059936679694,-0.11911817915347811
2025-10-04-08-20-05,74.983,0.9944472361809176,13.22152599446283,0.17534787862965828
2025-10-04-08-20-06,79.492,5.503447236180918,14.016584350477299,0.9704062346441269
2025-10-04-08-20-07,82.99900000000001,9.010447236180923,14.634963071821886,1.5887849559887144
2025-10-04-08-20-08,85.17,11.181447236180915,15.017768946939963,1.9715908311067913
2025-10-04-08-20-09,87.842,13.853447236180912,15.48891463939298,2.442736523559809
2025-10-04-08-20-10,88.51,14.521447236180919,15.606701062506236,2.560522946673064
2025-10-04-08-20-11,88.009,14.020447236180914,15.518361245171294,2.472183129338122
2025-10-04-08-20-12,87.007,13.018447236180918,15.341681610501412,2.2955034946682407
2025-10-04-08-20-13,86.00500000000001,12.016447236180923,15.165001975831531,2.1188238599983595
2025-10-04-08-20-14,85.003,11.014447236180914,14.988322341161648,1.9421442253284766
2025-10-04-08-20-15,74.14800000000001,0.15944723618092382,13.074292965571264,0.028114849738091863
2025-10-04-08-20-16,74.482,0.4934472361809128,13.133186177127888,0.08700806129471594
2025-10-04-08-20-17,74.14800000000001,0.15944723618092382,13.074292965571264,0.028114849738091863
2025-10-04-08-20-18,73.48,-0.5085527638190825,12.956506542458007,-0.08967157337516518
2025-10-04-08-20-19,71.476,-2.5125527638190874,12.603147273118243,-0.4430308427149292
2025-10-04-08-20-20,70.641,-3.347552763819081,12.455914244226676,-0.5902638716064956
2025-10-04-08-20-21,70.307,-3.6815527638190844,12.397021032670047,-0.649157083163125
2025-10-04-08-20-22,70.474,-3.5145527638190828,12.426467638448361,-0.6197104773848103
2025-10-04-08-20-23,72.144,-1.844552763819081,12.720933696231498,-0.32524441960167394
2025-10-04-08-20-24,73.81400000000001,-0.17455276381907936,13.015399754014634,-0.030778361818537547
2025-10-04-08-20-25,74.816,0.827447236180916,13.192079388684515,0.14590127285134358
2025-10-04-08-20-26,75.31700000000001,1.3284472361809208,13.280419206019458,0.23424109018628592
2025-10-04-08-20-27,75.65100000000001,1.662447236180924,13.339312417576085,0.29313430174291355
2025-10-04-08-20-28,74.816,0.827447236180916,13.192079388684515,0.14590127285134358
2025-10-04-08-20-29,76.319,2.330447236180916,13.457098840689339,0.41092072485616704
2025-10-04-08-20-30,77.15400000000001,3.165447236180924,13.604331869580909,0.558153753747737
2025-10-04-08-20-31,76.653,2.6644472361809193,13.515992052245966,0.4698139364127947
2025-10-04-08-20-32,75.985,1.996447236180913,13.398205629132711,0.3520275132995394
2025-10-04-08-20-33,70.14,-3.848552763819086,12.367574426891734,-0.678603688941438
2025-10-04-08-20-34,70.307,-3.6815527638190844,12.397021032670047,-0.649157083163125
2025-10-04-08-20-35,70.97500000000001,-3.013552763819078,12.514807455783304,-0.531370660049868
2025-10-04-08-20-36,71.977,-2.0115527638190827,12.691487090453185,-0.35469102537998687
2025-10-04-08-20-37,72.47800000000001,-1.5105527638190779,12.779826907788125,-0.2663512080450463
2025-10-04-08-20-38,73.313,-0.6755527638190841,12.927059936679694,-0.11911817915347811
2025-10-04-08-20-39,73.48,-0.5085527638190825,12.956506542458007,-0.08967157337516518
2025-10-04-08-20-40,73.647,-0.34155276381908095,12.985953148236321,-0.060224967596850476
2025-10-04-08-20-41,73.313,-0.6755527638190841,12.927059936679694,-0.11911817915347811
2025-10-04-08-20-42,70.808,-3.1805527638190796,12.485360850004989,-0.5608172658281827
2025-10-04-08-20-43,68.47,-5.518552763819088,12.073108369108597,-0.9730697467245744
2025-10-04-08-20-44,72.144,-1.844552763819081,12.720933696231498,-0.32524441960167394
2025-10-04-08-20-45,72.47800000000001,-1.5105527638190779,12.779826907788125,-0.2663512080450463
2025-10-04-08-20-46,74.14800000000001,0.15944723618092382,13.074292965571264,0.028114849738091863
2025-10-04-08-20-47,76.319,2.330447236180916,13.457098840689339,0.41092072485616704
2025-10-04-08-20-48,76.82000000000001,2.831447236180921,13.545438658024281,0.4992605421911094
2025-10-04-08-20-49,76.98700000000001,2.9984472361809225,13.574885263802594,0.5287071479694223
2025-10-04-08-20-50,76.98700000000001,2.9984472361809225,13.574885263802594,0.5287071479694223
2025-10-04-08-20-51,77.15400000000001,3.165447236180924,13.604331869580909,0.558153753747737
2025-10-04-08-20-52,74.482,0.4934472361809128,13.133186177127888,0.08700806129471594
2025-10-04-08-20-53,68.804,-5.1845527638190845,12.132001580665225,-0.9141765351679467
2025-10-04-08-20-54,69.63900000000001,-4.3495527638190765,12.279234609556795,-0.7669435062763768
2025-10-04-08-20-55,71.476,-2.5125527638190874,12.603147273118243,-0.4430308427149292
2025-10-04-08-20-56,72.979,-1.0095527638190873,12.868166725123066,-0.17801139071010574
2025-10-04-08-20-57,74.482,0.4934472361809128,13.133186177127888,0.08700806129471594
2025-10-04-08-20-58,76.653,2.6644472361809193,13.515992052245966,0.4698139364127947
2025-10-04-08-20-59,77.488,3.499447236180913,13.663225081137535,0.6170469653043629
2025-10-04-08-21-00,77.488,3.499447236180913,13.663225081137535,0.6170469653043629
2025-10-04-08-21-01,77.488,3.499447236180913,13.663225081137535,0.6170469653043629
2025-10-04-08-21-02,77.488,3.499447236180913,13.663225081137535,0.6170469653043629
2025-10-04-08-21-03,77.488,3.499447236180913,13.663225081137535,0.6170469653043629
2025-10-04-08-21-04,77.488,3.499447236180913,13.663225081137535,0.6170469653043629
2025-10-04-08-21-05,70.641,-3.347552763819081,12.455914244226676,-0.5902638716064956
2025-10-04-08-21-06,73.313,-0.6755527638190841,12.927059936679694,-0.11911817915347811
2025-10-04-08-21-07,75.818,1.8294472361809113,13.368759023354396,0.3225809075212247
2025-10-04-08-21-08,77.321,3.3324472361809114,13.63377847535922,0.5876003595260482
2025-10-04-08-21-09,77.989,4.000447236180918,13.751564898472475,0.7053867826393034
2025-10-04-08-21-10,77.989,4.000447236180918,13.751564898472475,0.7053867826393034
2025-10-04-08-21-11,77.989,4.000447236180918,13.751564898472475,0.7053867826393034
2025-10-04-08-21-12,76.98700000000001,2.9984472361809225,13.574885263802594,0.5287071479694223
2025-10-04-08-21-13,73.146,-0.8425527638190857,12.897613330901379,-0.14856478493179281
2025-10-04-08-21-14,67.802,-6.18655276381908,11.955321945995344,-1.0908561698378278
2025-10-04-08-21-15,71.81,-2.1785527638190842,12.66204048467487,-0.3841376311583016
2025-10-04-08-21-16,75.15,1.1614472361809192,13.250972600241145,0.204794484407973
2025-10-04-08-21-17,77.15400000000001,3.165447236180924,13.604331869580909,0.558153753747737
2025-10-04-08-21-18,79.659,5.6704472361809195,14.046030956255613,0.9998528404224416
2025-10-04-08-21-19,79.492,5.503447236180918,14.016584350477299,0.9704062346441269
2025-10-04-08-21-20,79.325,5.336447236180916,13.987137744698984,0.9409596288658122
2025-10-04-08-21-21,78.991,5.002447236180913,13.928244533142356,0.8820664173091846
2025-10-04-08-21-22,78.824,4.8354472361809115,13.898797927364043,0.8526198115308716
2025-10-04-08-21-23,72.812,-1.176552763819089,12.838720119344751,-0.20745799648842045
2025-10-04-08-21-24,67.96900000000001,-6.019552763819078,11.984768551773657,-1.061409564059515
2025-10-04-08-21-25,66.8,-7.188552763819089,11.77864231132546,-1.2675358045077125
2025-10-04-08-21-26,68.47,-5.518552763819088,12.073108369108597,-0.9730697467245744
2025-10-04-08-21-27,70.97500000000001,-3.013552763819078,12.514807455783304,-0.531370660049868
2025-10-04-08-21-28,73.48,-0.5085527638190825,12.956506542458007,-0.08967157337516518
2025-10-04-08-21-29,74.649,0.6604472361809144,13.162632782906202,0.11645466707303065
2025-10-04-08-21-30,75.31700000000001,1.3284472361809208,13.280419206019458,0.23424109018628592
2025-10-04-08-21-31,75.65100000000001,1.662447236180924,13.339312417576085,0.29313430174291355
2025-10-04-08-21-32,74.983,0.9944472361809176,13.22152599446283,0.17534787862965828
2025-10-04-08-21-33,73.647,-0.34155276381908095,12.985953148236321,-0.060224967596850476
2025-10-04-08-21-34,70.14,-3.848552763819086,12.367574426891734,-0.678603688941438
2025-10-04-08-21-35,69.47200000000001,-4.516552763819078,12.24978800377848,-0.7963901120546915
2025-10-04-08-21-36,68.971,-5.017552763819083,12.161448186443538,-0.8847299293896338
2025-10-04-08-21-37,70.97500000000001,-3.013552763819078,12.514807455783304,-0.531370660049868
2025-10-04-08-21-38,72.812,-1.176552763819089,12.838720119344751,-0.20745799648842045
2025-10-04-08-21-39,74.315,0.3264472361809112,13.103739571349575,0.057561455516403015
2025-10-04-08-21-40,74.983,0.9944472361809176,13.22152599446283,0.17534787862965828
2025-10-04-08-21-41,75.15,1.1614472361809192,13.250972600241145,0.204794484407973
2025-10-04-08-21-42,75.31700000000001,1.3284472361809208,13.280419206019458,0.23424109018628592
2025-10-04-08-21-43,73.48,-0.5085527638190825,12.956506542458007,-0.08967157337516518
2025-10-04-08-21-44,67.96900000000001,-6.019552763819078,11.984768551773657,-1.061409564059515
2025-10-04-08-21-45,67.96900000000001,-6.019552763819078,11.984768551773657,-1.061409564059515
2025-10-04-08-21-46,69.138,-4.850552763819081,12.190894792221853,-0.8552833236113191
2025-10-04-08-21-47,74.816,0.827447236180916,13.192079388684515,0.14590127285134358
2025-10-04-08-21-48,74.983,0.9944472361809176,13.22152599446283,0.17534787862965828
2025-10-04-08-21-49,75.15,1.1614472361809192,13.250972600241145,0.204794484407973
2025-10-04-08-21-50,75.31700000000001,1.3284472361809208,13.280419206019458,0.23424109018628592
2025-10-04-08-21-51,75.48400000000001,1.4954472361809223,13.309865811797772,0.2636876959646006
2025-10-04-08-21-52,75.15,1.1614472361809192,13.250972600241145,0.204794484407973
2025-10-04-08-21-53,74.482,0.4934472361809128,13.133186177127888,0.08700806129471594
2025-10-04-08-21-54,69.305,-4.68355276381908,12.220341398000166,-0.8258367178330062
2025-10-04-08-21-55,69.305,-4.68355276381908,12.220341398000166,-0.8258367178330062
2025-10-04-08-21-56,73.647,-0.34155276381908095,12.985953148236321,-0.060224967596850476
2025-10-04-08-21-57,75.985,1.996447236180913,13.398205629132711,0.3520275132995394
2025-10-04-08-21-58,77.321,3.3324472361809114,13.63377847535922,0.5876003595260482
2025-10-04-08-21-59,77.989,4.000447236180918,13.751564898472475,0.7053867826393034
2025-10-04-08-22-00,78.32300000000001,4.334447236180921,13.810458110029103,0.7642799941959311
2025-10-04-08-22-01,78.156,4.167447236180919,13.78101150425079,0.7348333884176181
2025-10-04-08-22-02,77.822,3.833447236180916,13.722118292694162,0.6759401768609905
2025-10-04-08-22-03,74.649,0.6604472361809144,13.162632782906202,0.11645466707303065
2025-10-04-08-22-04,66.63300000000001,-7.355552763819077,11.749195705547148,-1.2969824102860237
2025-10-04-08-22-05,67.802,-6.18655276381908,11.955321945995344,-1.0908561698378278
2025-10-04-08-22-06,69.138,-4.850552763819081,12.190894792221853,-0.8552833236113191
2025-10-04-08-22-07,70.474,-3.5145527638190828,12.426467638448361,-0.6197104773848103
2025-10-04-08-22-08,72.311,-1.6775527638190795,12.750380302009813,-0.29579781382335923
2025-10-04-08-22-09,74.482,0.4934472361809128,13.133186177127888,0.08700806129471594
2025-10-04-08-22-10,75.65100000000001,1.662447236180924,13.339312417576085,0.29313430174291355
2025-10-04-08-22-11,76.152,2.1634472361809145,13.427652234911024,0.38147411907785234
2025-10-04-08-22-12,76.486,2.4974472361809177,13.486545446467654,0.44036733063448175
2025-10-04-08-22-13,75.818,1.8294472361809113,13.368759023354396,0.3225809075212247
2025-10-04-08-22-14,74.14800000000001,0.15944723618092382,13.074292965571264,0.028114849738091863
2025-10-04-08-22-15,67.96900000000001,-6.019552763819078,11.984768551773657,-1.061409564059515
2025-10-04-08-22-16,68.303,-5.685552763819089,12.043661763330283,-1.002516352502889
2025-10-04-08-22-17,69.47200000000001,-4.516552763819078,12.24978800377848,-0.7963901120546915
2025-10-04-08-22-18,70.641,-3.347552763819081,12.455914244226676,-0.5902638716064956
2025-10-04-08-22-19,71.476,-2.5125527638190874,12.603147273118243,-0.4430308427149292
2025-10-04-08-22-20,74.14800000000001,0.15944723618092382,13.074292965571264,0.028114849738091863
2025-10-04-08-22-21,74.983,0.9944472361809176,13.22152599446283,0.17534787862965828
2025-10-04-08-22-22,75.48400000000001,1.4954472361809223,13.309865811797772,0.2636876959646006
2025-10-04-08-22-23,75.15,1.1614472361809192,13.250972600241145,0.204794484407973
2025-10-04-08-22-24,74.816,0.827447236180916,13.192079388684515,0.14590127285134358
2025-10-04-08-22-25,73.81400000000001,-0.17455276381907936,13.015399754014634,-0.030778361818537547
2025-10-04-08-22-26,75.31700000000001,1.3284472361809208,13.280419206019458,0.23424109018628592
2025-10-04-08-22-27,76.152,2.1634472361809145,13.427652234911024,0.38147411907785234
2025-10-04-08-22-28,76.653,2.6644472361809193,13.515992052245966,0.4698139364127947
2025-10-04-08-22-29,76.319,2.330447236180916,13.457098840689339,0.41092072485616704
2025-10-04-08-22-30,75.65100000000001,1.662447236180924,13.339312417576085,0.29313430174291355
2025-10-04-08-22-31,74.816,0.827447236180916,13.192079388684515,0.14590127285134358
2025-10-04-08-22-32,69.63900000000001,-4.3495527638190765,12.279234609556795,-0.7669435062763768
2025-10-04-08-22-33,70.641,-3.347552763819081,12.455914244226676,-0.5902638716064956
2025-10-04-08-22-34,73.647,-0.34155276381908095,12.985953148236321,-0.060224967596850476
2025-10-04-08-22-35,75.15,1.1614472361809192,13.250972600241145,0.204794484407973
2025-10-04-08-22-36,76.152,2.1634472361809145,13.427652234911024,0.38147411907785234
2025-10-04-08-22-37,76.82000000000001,2.831447236180921,13.545438658024281,0.4992605421911094
2025-10-04-08-22-38,77.15400000000001,3.165447236180924,13.604331869580909,0.558153753747737
2025-10-04-08-22-39,77.15400000000001,3.165447236180924,13.604331869580909,0.558153753747737
2025-10-04-08-22-40,77.321,3.3324472361809114,13.63377847535922,0.5876003595260482
2025-10-04-08-22-41,77.321,3.3324472361809114,13.63377847535922,0.5876003595260482
2025-10-04-08-22-42,67.802,-6.18655276381908,11.955321945995344,-1.0908561698378278
2025-10-04-08-22-43,68.13600000000001,-5.852552763819077,12.014215157551972,-1.0319629582812002
2025-10-04-08-22-44,71.476,-2.5125527638190874,12.603147273118243,-0.4430308427149292
2025-10-04-08-22-45,73.146,-0.8425527638190857,12.897613330901379,-0.14856478493179281
2025-10-04-08-22-46,73.48,-0.5085527638190825,12.956506542458007,-0.08967157337516518
2025-10-04-08-22-47,73.647,-0.34155276381908095,12.985953148236321,-0.060224967596850476
2025-10-04-08-22-48,71.977,-2.0115527638190827,12.691487090453185,-0.35469102537998687
2025-10-04-08-22-49,73.647,-0.34155276381908095,12.985953148236321,-0.060224967596850476
2025-10-04-08-22-50,76.98700000000001,2.9984472361809225,13.574885263802594,0.5287071479694223
2025-10-04-08-22-51,77.655,3.6664472361809146,13.692671686915848,0.6464935710826758
2025-10-04-08-22-52,77.989,4.000447236180918,13.751564898472475,0.7053867826393034
2025-10-04-08-22-53,76.82000000000001,2.831447236180921,13.545438658024281,0.4992605421911094
2025-10-04-08-22-54,71.476,-2.5125527638190874,12.603147273118243,-0.4430308427149292
2025-10-04-08-22-55,70.641,-3.347552763819081,12.455914244226676,-0.5902638716064956
2025-10-04-08-22-56,71.643,-2.345552763819086,12.632593878896555,-0.4135842369366163
2025-10-04-08-22-57,72.311,-1.6775527638190795,12.750380302009813,-0.29579781382335923
2025-10-04-08-22-58,72.64500000000001,-1.3435527638190763,12.80927351356644,-0.2369046022667316
2025-10-04-08-22-59,72.812,-1.176552763819089,12.838720119344751,-0.20745799648842045
2025-10-04-08-23-00,71.81,-2.1785527638190842,12.66204048467487,-0.3841376311583016
2025-10-04-08-23-01,70.474,-3.5145527638190828,12.426467638448361,-0.6197104773848103
2025-10-04-08-23-02,70.307,-3.6815527638190844,12.397021032670047,-0.649157083163125
2025-10-04-08-23-03,70.641,-3.347552763819081,12.455914244226676,-0.5902638716064956
2025-10-04-08-23-04,72.144,-1.844552763819081,12.720933696231498,-0.32524441960167394
2025-10-04-08-23-05,73.313,-0.6755527638190841,12.927059936679694,-0.11911817915347811
2025-10-04-08-23-06,72.812,-1.176552763819089,12.838720119344751,-0.20745799648842045
2025-10-04-08-23-07,71.977,-2.0115527638190827,12.691487090453185,-0.35469102537998687
2025-10-04-08-23-08,70.97500000000001,-3.013552763819078,12.514807455783304,-0.531370660049868
2025-10-04-08-23-09,70.97500000000001,-3.013552763819078,12.514807455783304,-0.531370660049868
2025-10-04-08-23-10,72.812,-1.176552763819089,12.838720119344751,-0.20745799648842045
2025-10-04-08-23-11,74.14800000000001,0.15944723618092382,13.074292965571264,0.028114849738091863
2025-10-04-08-23-12,74.649,0.6604472361809144,13.162632782906202,0.11645466707303065
2025-10-04-08-23-13,74.649,0.6604472361809144,13.162632782906202,0.11645466707303065
2025-10-04-08-23-14,74.649,0.6604472361809144,13.162632782906202,0.11645466707303065
2025-10-04-08-23-15,72.812,-1.176552763819089,12.838720119344751,-0.20745799648842045
2025-10-04-08-23-16,69.806,-4.182552763819089,12.308681215335106,-0.7374969004980656
2025-10-04-08-23-17,70.14,-3.848552763819086,12.367574426891734,-0.678603688941438
2025-10-04-08-23-18,69.806,-4.182552763819089,12.308681215335106,-0.7374969004980656
2025-10-04-08-23-19,73.313,-0.6755527638190841,12.927059936679694,-0.11911817915347811
2025-10-04-08-23-20,76.82000000000001,2.831447236180921,13.545438658024281,0.4992605421911094
2025-10-04-08-23-21,77.989,4.000447236180918,13.751564898472475,0.7053867826393034
2025-10-04-08-23-22,78.32300000000001,4.334447236180921,13.810458110029103,0.7642799941959311
2025-10-04-08-23-23,78.32300000000001,4.334447236180921,13.810458110029103,0.7642799941959311
2025-10-04-08-23-24,78.32300000000001,4.334447236180921,13.810458110029103,0.7642799941959311
2025-10-04-08-23-25,77.15400000000001,3.165447236180924,13.604331869580909,0.558153753747737
2025-10-04-08-23-26,69.305,-4.68355276381908,12.220341398000166,-0.8258367178330062
2025-10-04-08-23-27,70.97500000000001,-3.013552763819078,12.514807455783304,-0.531370660049868
2025-10-04-08-23-28,71.977,-2.0115527638190827,12.691487090453185,-0.35469102537998687
2025-10-04-08-23-29,72.47800000000001,-1.5105527638190779,12.779826907788125,-0.2663512080450463
2025-10-04-08-23-30,72.311,-1.6775527638190795,12.750380302009813,-0.29579781382335923
2025-10-04-08-23-31,71.977,-2.0115527638190827,12.691487090453185,-0.35469102537998687
2025-10-04-08-23-32,70.641,-3.347552763819081,12.455914244226676,-0.5902638716064956
2025-10-04-08-23-33,71.81,-2.1785527638190842,12.66204048467487,-0.3841376311583016
2025-10-04-08-23-34,74.983,0.9944472361809176,13.22152599446283,0.17534787862965828
2025-10-04-08-23-35,75.985,1.996447236180913,13.398205629132711,0.3520275132995394
2025-10-04-08-23-36,77.488,3.499447236180913,13.663225081137535,0.6170469653043629
2025-10-04-08-23-37,77.321,3.3324472361809114,13.63377847535922,0.5876003595260482
2025-10-04-08-23-38,77.15400000000001,3.165447236180924,13.604331869580909,0.558153753747737
2025-10-04-08-23-39,75.65100000000001,1.662447236180924,13.339312417576085,0.29313430174291355
2025-10-04-08-23-40,68.13600000000001,-5.852552763819077,12.014215157551972,-1.0319629582812002
2025-10-04-08-23-41,68.637,-5.351552763819086,12.10255497488691,-0.9436231409462614
2025-10-04-08-23-42,70.474,-3.5145527638190828,12.426467638448361,-0.6197104773848103
2025-10-04-08-23-43,71.643,-2.345552763819086,12.632593878896555,-0.4135842369366163
2025-10-04-08-23-44,72.311,-1.6775527638190795,12.750380302009813,-0.29579781382335923
2025-10-04-08-23-45,72.64500000000001,-1.3435527638190763,12.80927351356644,-0.2369046022667316
2025-10-04-08-23-46,72.979,-1.0095527638190873,12.868166725123066,-0.17801139071010574
2025-10-04-08-23-47,72.64500000000001,-1.3435527638190763,12.80927351356644,-0.2369046022667316
2025-10-04-08-23-48,72.144,-1.844552763819081,12.720933696231498,-0.32524441960167394
2025-10-04-08-23-49,68.971,-5.017552763819083,12.161448186443538,-0.8847299293896338
2025-10-04-08-23-50,69.806,-4.182552763819089,12.308681215335106,-0.7374969004980656
2025-10-04-08-23-51,70.97500000000001,-3.013552763819078,12.514807455783304,-0.531370660049868
2025-10-04-08-23-52,77.655,3.6664472361809146,13.692671686915848,0.6464935710826758
2025-10-04-08-23-53,79.99300000000001,6.004447236180923,14.104924167812241,1.0587460519790692
2025-10-04-08-23-54,81.66300000000001,7.674447236180924,14.399390225595377,1.3532121097622056
2025-10-04-08-23-55,85.671,11.68244723618092,15.106108764274904,2.059930648441732
2025-10-04-08-23-56,87.34100000000001,13.352447236180922,15.40057482205804,2.3543967062248683
2025-10-04-08-23-57,88.51,14.521447236180919,15.606701062506236,2.560522946673064
2025-10-04-08-23-58,88.84400000000001,14.855447236180922,15.665594274062864,2.6194161582296918
2025-10-04-08-23-59,89.17800000000001,15.189447236180925,15.724487485619491,2.6783093697863194
2025-10-04-08-24-00,89.01100000000001,15.022447236180923,15.695040879841178,2.6488627640080065
2025-10-04-08-24-01,84.001,10.012447236180918,14.811642706491767,1.7654645906585955
2025-10-04-08-24-02,81.997,8.008447236180913,14.458283437152003,1.4121053213188315
2025-10-04-08-24-03,71.81,-2.1785527638190842,12.66204048467487,-0.3841376311583016
2025-10-04-08-24-04,72.812,-1.176552763819089,12.838720119344751,-0.20745799648842045
2025-10-04-08-24-05,73.313,-0.6755527638190841,12.927059936679694,-0.11911817915347811
2025-10-04-08-24-06,73.647,-0.34155276381908095,12.985953148236321,-0.060224967596850476
2025-10-04-08-24-07,73.98100000000001,-0.007552763819077768,13.044846359792949,-0.0013317560402228423
2025-10-04-08-24-08,74.315,0.3264472361809112,13.103739571349575,0.057561455516403015
2025-10-04-08-24-09,74.482,0.4934472361809128,13.133186177127888,0.08700806129471594
2025-10-04-08-24-10,66.46600000000001,-7.522552763819078,11.719749099768835,-1.3264290160643366
2025-10-04-08-24-11,70.474,-3.5145527638190828,12.426467638448361,-0.6197104773848103
2025-10-04-08-24-12,72.47800000000001,-1.5105527638190779,12.779826907788125,-0.2663512080450463
2025-10-04-08-24-13,73.98100000000001,-0.007552763819077768,13.044846359792949,-0.0013317560402228423
2025-10-04-08-24-14,74.649,0.6604472361809144,13.162632782906202,0.11645466707303065
2025-10-04-08-24-15,75.31700000000001,1.3284472361809208,13.280419206019458,0.23424109018628592
2025-10-04-08-24-16,75.818,1.8294472361809113,13.368759023354396,0.3225809075212247
2025-10-04-08-24-17,75.48400000000001,1.4954472361809223,13.309865811797772,0.2636876959646006
2025-10-04-08-24-18,74.816,0.827447236180916,13.192079388684515,0.14590127285134358
2025-10-04-08-24-19,67.468,-6.520552763819083,11.896428734438716,-1.1497493813944555
2025-10-04-08-24-20,70.474,-3.5145527638190828,12.426467638448361,-0.6197104773848103
2025-10-04-08-24-21,71.476,-2.5125527638190874,12.603147273118243,-0.4430308427149292
2025-10-04-08-24-22,72.979,-1.0095527638190873,12.868166725123066,-0.17801139071010574
2025-10-04-08-24-23,74.14800000000001,0.15944723618092382,13.074292965571264,0.028114849738091863
2025-10-04-08-24-24,74.482,0.4934472361809128,13.133186177127888,0.08700806129471594
2025-10-04-08-24-25,73.81400000000001,-0.17455276381907936,13.015399754014634,-0.030778361818537547
2025-10-04-08-24-26,76.152,2.1634472361809145,13.427652234911024,0.38147411907785234
2025-10-04-08-24-27,76.98700000000001,2.9984472361809225,13.574885263802594,0.5287071479694223
2025-10-04-08-24-28,77.321,3.3324472361809114,13.63377847535922,0.5876003595260482
2025-10-04-08-24-29,77.655,3.6664472361809146,13.692671686915848,0.6464935710826758
2025-10-04-08-24-30,77.989,4.000447236180918,13.751564898472475,0.7053867826393034
2025-10-04-08-24-31,71.309,-2.679552763819089,12.573700667339928,-0.4724774484932439
2025-10-04-08-24-32,74.315,0.3264472361809112,13.103739571349575,0.057561455516403015
2025-10-04-08-24-33,74.983,0.9944472361809176,13.22152599446283,0.17534787862965828
2025-10-04-08-24-34,75.65100000000001,1.662447236180924,13.339312417576085,0.29313430174291355
2025-10-04-08-24-35,75.985,1.996447236180913,13.398205629132711,0.3520275132995394
2025-10-04-08-24-36,75.65100000000001,1.662447236180924,13.339312417576085,0.29313430174291355
2025-10-04-08-24-37,74.983,0.9944472361809176,13.22152599446283,0.17534787862965828
2025-10-04-08-24-38,68.47,-5.518552763819088,12.073108369108597,-0.9730697467245744
2025-10-04-08-24-39,73.313,-0.6755527638190841,12.927059936679694,-0.11911817915347811
2025-10-04-08-24-40,75.31700000000001,1.3284472361809208,13.280419206019458,0.23424109018628592
2025-10-04-08-24-41,77.15400000000001,3.165447236180924,13.604331869580909,0.558153753747737
2025-10-04-08-24-42,78.49000000000001,4.501447236180923,13.839904715807418,0.7937265999742458
2025-10-04-08-24-43,79.158,5.169447236180915,13.957691138920671,0.9115130230874993
2025-10-04-08-24-44,80.494,6.505447236180913,14.19326398514718,1.147085869314008
2025-10-04-08-24-45,81.83,7.841447236180912,14.428836831373689,1.3826587155405168
2025-10-04-08-24-46,82.498,8.509447236180918,14.546623254486944,1.500445138653772
2025-10-04-08-24-47,83.16600000000001,9.177447236180925,14.6644096776002,1.618231561767029
2025-10-04-08-24-48,83.5,9.511447236180913,14.723302889156825,1.6771247733236532
2025-10-04-08-24-49,66.46600000000001,-7.522552763819078,11.719749099768835,-1.3264290160643366
2025-10-04-08-24-50,68.637,-5.351552763819086,12.10255497488691,-0.9436231409462614
2025-10-04-08-24-51,69.305,-4.68355276381908,12.220341398000166,-0.8258367178330062
2025-10-04-08-24-52,76.152,2.1634472361809145,13.427652234911024,0.38147411907785234
2025-10-04-08-24-53,76.486,2.4974472361809177,13.486545446467654,0.44036733063448175
2025-10-04-08-24-54,76.98700000000001,2.9984472361809225,13.574885263802594,0.5287071479694223
2025-10-04-08-24-55,77.321,3.3324472361809114,13.63377847535922,0.5876003595260482
2025-10-04-08-24-56,76.98700000000001,2.9984472361809225,13.574885263802594,0.5287071479694223
2025-10-04-08-24-57,76.486,2.4974472361809177,13.486545446467654,0.44036733063448175
2025-10-04-08-24-58,75.31700000000001,1.3284472361809208,13.280419206019458,0.23424109018628592
2025-10-04-08-24-59,70.641,-3.347552763819081,12.455914244226676,-0.5902638716064956
2025-10-04-08-25-00,69.973,-4.0155527638190875,12.338127821113419,-0.7080502947197527
2025-10-04-08-25-01,68.13600000000001,-5.852552763819077,12.014215157551972,-1.0319629582812002
2025-10-04-08-25-02,71.643,-2.345552763819086,12.632593878896555,-0.4135842369366163
2025-10-04-08-25-03,72.812,-1.176552763819089,12.838720119344751,-0.20745799648842045
2025-10-04-08-25-04,73.313,-0.6755527638190841,12.927059936679694,-0.11911817915347811
2025-10-04-08-25-05,73.81400000000001,-0.17455276381907936,13.015399754014634,-0.030778361818537547
2025-10-04-08-25-06,74.14800000000001,0.15944723618092382,13.074292965571264,0.028114849738091863
2025-10-04-08-25-07,73.647,-0.34155276381908095,12.985953148236321,-0.060224967596850476
2025-10-04-08-25-08,71.643,-2.345552763819086,12.632593878896555,-0.4135842369366163
2025-10-04-08-25-09,69.305,-4.68355276381908,12.220341398000166,-0.8258367178330062
2025-10-04-08-25-10,69.973,-4.0155527638190875,12.338127821113419,-0.7080502947197527
2025-10-04-08-25-11,70.307,-3.6815527638190844,12.397021032670047,-0.649157083163125
2025-10-04-08-25-12,72.47800000000001,-1.5105527638190779,12.779826907788125,-0.2663512080450463
2025-10-04-08-25-13,73.146,-0.8425527638190857,12.897613330901379,-0.14856478493179281
2025-10-04-08-25-14,73.48,-0.5085527638190825,12.956506542458007,-0.08967157337516518
2025-10-04-08-25-15,73.313,-0.6755527638190841,12.927059936679694,-0.11911817915347811
2025-10-04-08-25-16,72.812,-1.176552763819089,12.838720119344751,-0.20745799648842045
2025-10-04-08-25-17,73.313,-0.6755527638190841,12.927059936679694,-0.11911817915347811
2025-10-04-08-25-18,73.647,-0.34155276381908095,12.985953148236321,-0.060224967596850476
2025-10-04-08-25-19,72.979,-1.0095527638190873,12.868166725123066,-0.17801139071010574
2025-10-04-08-25-20,70.97500000000001,-3.013552763819078,12.514807455783304,-0.531370660049868
2025-10-04-08-25-21,73.48,-0.5085527638190825,12.956506542458007,-0.08967157337516518
2025-10-04-08-25-22,74.649,0.6604472361809144,13.162632782906202,0.11645466707303065
2025-10-04-08-25-23,75.31700000000001,1.3284472361809208,13.280419206019458,0.23424109018628592
2025-10-04-08-25-24,75.985,1.996447236180913,13.398205629132711,0.3520275132995394
2025-10-04-08-25-25,76.319,2.330447236180916,13.457098840689339,0.41092072485616704
2025-10-04-08-25-26,76.152,2.1634472361809145,13.427652234911024,0.38147411907785234
2025-10-04-08-25-27,71.643,-2.345552763819086,12.632593878896555,-0.4135842369366163
2025-10-04-08-25-28,74.14800000000001,0.15944723618092382,13.074292965571264,0.028114849738091863
2025-10-04-08-25-29,73.313,-0.6755527638190841,12.927059936679694,-0.11911817915347811
2025-10-04-08-25-30,74.649,0.6604472361809144,13.162632782906202,0.11645466707303065
2025-10-04-08-25-31,75.15,1.1614472361809192,13.250972600241145,0.204794484407973
2025-10-04-08-25-32,75.48400000000001,1.4954472361809223,13.309865811797772,0.2636876959646006
2025-10-04-08-25-33,75.818,1.8294472361809113,13.368759023354396,0.3225809075212247
2025-10-04-08-25-34,75.48400000000001,1.4954472361809223,13.309865811797772,0.2636876959646006
2025-10-04-08-25-35,68.971,-5.017552763819083,12.161448186443538,-0.8847299293896338
2025-10-04-08-25-36,70.474,-3.5145527638190828,12.426467638448361,-0.6197104773848103
2025-10-04-08-25-37,71.14200000000001,-2.8465527638190764,12.544254061561617,-0.5019240542715551
2025-10-04-08-25-38,71.977,-2.0115527638190827,12.691487090453185,-0.35469102537998687
2025-10-04-08-25-39,72.64500000000001,-1.3435527638190763,12.80927351356644,-0.2369046022667316
2025-10-04-08-25-40,73.146,-0.8425527638190857,12.897613330901379,-0.14856478493179281
2025-10-04-08-25-41,72.47800000000001,-1.5105527638190779,12.779826907788125,-0.2663512080450463
2025-10-04-08-25-42,71.14200000000001,-2.8465527638190764,12.544254061561617,-0.5019240542715551
2025-10-04-08-25-43,67.802,-6.18655276381908,11.955321945995344,-1.0908561698378278
2025-10-04-08-25-44,67.468,-6.520552763819083,11.896428734438716,-1.1497493813944555
2025-10-04-08-25-45,72.144,-1.844552763819081,12.720933696231498,-0.32524441960167394
2025-10-04-08-25-46,72.812,-1.176552763819089,12.838720119344751,-0.20745799648842045
2025-10-04-08-25-47,75.65100000000001,1.662447236180924,13.339312417576085,0.29313430174291355
2025-10-04-08-25-48,76.319,2.330447236180916,13.457098840689339,0.41092072485616704
2025-10-04-08-25-49,76.152,2.1634472361809145,13.427652234911024,0.38147411907785234
2025-10-04-08-25-50,75.818,1.8294472361809113,13.368759023354396,0.3225809075212247
2025-10-04-08-25-51,75.48400000000001,1.4954472361809223,13.309865811797772,0.2636876959646006
2025-10-04-08-25-52,68.47,-5.518552763819088,12.073108369108597,-0.9730697467245744
2025-10-04-08-25-53,66.967,-7.021552763819088,11.808088917103774,-1.2380891987293978
2025-10-04-08-25-54,66.63300000000001,-7.355552763819077,11.749195705547148,-1.2969824102860237
2025-10-04-08-25-55,66.8,-7.188552763819089,11.77864231132546,-1.2675358045077125
2025-10-04-08-25-56,65.631,-8.357552763819086,11.572516070877265,-1.4736620449559066
2025-10-04-08-25-57,65.798,-8.190552763819085,11.601962676655578,-1.4442154391775937
2025-10-04-08-25-58,66.46600000000001,-7.522552763819078,11.719749099768835,-1.3264290160643366
2025-10-04-08-25-59,67.635,-6.353552763819081,11.92587534021703,-1.1203027756161426
2025-10-04-08-26-00,71.977,-2.0115527638190827,12.691487090453185,-0.35469102537998687
2025-10-04-08-26-01,72.64500000000001,-1.3435527638190763,12.80927351356644,-0.2369046022667316
2025-10-04-08-26-02,71.81,-2.1785527638190842,12.66204048467487,-0.3841376311583016
2025-10-04-08-26-03,70.474,-3.5145527638190828,12.426467638448361,-0.6197104773848103
2025-10-04-08-26-04,70.307,-3.6815527638190844,12.397021032670047,-0.649157083163125
2025-10-04-08-26-05,73.48,-0.5085527638190825,12.956506542458007,-0.08967157337516518
2025-10-04-08-26-06,74.649,0.6604472361809144,13.162632782906202,0.11645466707303065
2025-10-04-08-26-07,75.48400000000001,1.4954472361809223,13.309865811797772,0.2636876959646006
2025-10-04-08-26-08,75.985,1.996447236180913,13.398205629132711,0.3520275132995394
2025-10-04-08-26-09,75.818,1.8294472361809113,13.368759023354396,0.3225809075212247
2025-10-04-08-26-10,75.48400000000001,1.4954472361809223,13.309865811797772,0.2636876959646006
2025-10-04-08-26-11,69.806,-4.182552763819089,12.308681215335106,-0.7374969004980656
2025-10-04-08-26-12,69.47200000000001,-4.516552763819078,12.24978800377848,-0.7963901120546915
2025-10-04-08-26-13,71.309,-2.679552763819089,12.573700667339928,-0.4724774484932439
2025-10-04-08-26-14,70.97500000000001,-3.013552763819078,12.514807455783304,-0.531370660049868
2025-10-04-08-26-15,69.63900000000001,-4.3495527638190765,12.279234609556795,-0.7669435062763768
2025-10-04-08-26-16,68.637,-5.351552763819086,12.10255497488691,-0.9436231409462614
2025-10-04-08-26-17,72.144,-1.844552763819081,12.720933696231498,-0.32524441960167394
2025-10-04-08-26-18,74.649,0.6604472361809144,13.162632782906202,0.11645466707303065
2025-10-04-08-26-19,75.818,1.8294472361809113,13.368759023354396,0.3225809075212247
2025-10-04-08-26-20,76.319,2.330447236180916,13.457098840689339,0.41092072485616704
2025-10-04-08-26-21,76.82000000000001,2.831447236180921,13.545438658024281,0.4992605421911094
2025-10-04-08-26-22,77.15400000000001,3.165447236180924,13.604331869580909,0.558153753747737
2025-10-04-08-26-23,76.98700000000001,2.9984472361809225,13.574885263802594,0.5287071479694223
2025-10-04-08-26-24,76.653,2.6644472361809193,13.515992052245966,0.4698139364127947
2025-10-04-08-26-25,76.82000000000001,2.831447236180921,13.545438658024281,0.4992605421911094
2025-10-04-08-26-26,76.98700000000001,2.9984472361809225,13.574885263802594,0.5287071479694223
2025-10-04-08-26-27,77.15400000000001,3.165447236180924,13.604331869580909,0.558153753747737
2025-10-04-08-26-28,75.15,1.1614472361809192,13.250972600241145,0.204794484407973
2025-10-04-08-26-29,74.816,0.827447236180916,13.192079388684515,0.14590127285134358
2025-10-04-08-26-30,74.983,0.9944472361809176,13.22152599446283,0.17534787862965828
2025-10-04-08-26-31,75.65100000000001,1.662447236180924,13.339312417576085,0.29313430174291355
2025-10-04-08-26-32,75.985,1.996447236180913,13.398205629132711,0.3520275132995394
2025-10-04-08-26-33,76.152,2.1634472361809145,13.427652234911024,0.38147411907785234
2025-10-04-08-26-34,76.319,2.330447236180916,13.457098840689339,0.41092072485616704
2025-10-04-08-26-35,76.319,2.330447236180916,13.457098840689339,0.41092072485616704
2025-10-04-08-26-36,70.474,-3.5145527638190828,12.426467638448361,-0.6197104773848103
2025-10-04-08-26-37,71.81,-2.1785527638190842,12.66204048467487,-0.3841376311583016
2025-10-04-08-26-38,73.313,-0.6755527638190841,12.927059936679694,-0.11911817915347811
2025-10-04-08-26-39,74.14800000000001,0.15944723618092382,13.074292965571264,0.028114849738091863
2025-10-04-08-26-40,73.647,-0.34155276381908095,12.985953148236321,-0.060224967596850476
2025-10-04-08-26-41,72.64500000000001,-1.3435527638190763,12.80927351356644,-0.2369046022667316
2025-10-04-08-26-42,69.973,-4.0155527638190875,12.338127821113419,-0.7080502947197527
2025-10-04-08-26-43,69.47200000000001,-4.516552763819078,12.24978800377848,-0.7963901120546915
2025-10-04-08-26-44,68.971,-5.017552763819083,12.161448186443538,-0.8847299293896338
2025-10-04-08-26-45,72.47800000000001,-1.5105527638190779,12.779826907788125,-0.2663512080450463
2025-10-04-08-26-46,74.816,0.827447236180916,13.192079388684515,0.14590127285134358
2025-10-04-08-26-47,76.152,2.1634472361809145,13.427652234911024,0.38147411907785234
2025-10-04-08-26-48,76.82000000000001,2.831447236180921,13.545438658024281,0.4992605421911094
2025-10-04-08-26-49,77.15400000000001,3.165447236180924,13.604331869580909,0.558153753747737
2025-10-04-08-26-50,76.82000000000001,2.831447236180921,13.545438658024281,0.4992605421911094
2025-10-04-08-26-51,75.985,1.996447236180913,13.398205629132711,0.3520275132995394
2025-10-04-08-26-52,74.649,0.6604472361809144,13.162632782906202,0.11645466707303065
2025-10-04-08-26-53,72.311,-1.6775527638190795,12.750380302009813,-0.29579781382335923
2025-10-04-08-26-54,71.977,-2.0115527638190827,12.691487090453185,-0.35469102537998687
2025-10-04-08-26-55,71.476,-2.5125527638190874,12.603147273118243,-0.4430308427149292
2025-10-04-08-26-56,70.808,-3.1805527638190796,12.485360850004989,-0.5608172658281827
2025-10-04-08-26-57,71.643,-2.345552763819086,12.632593878896555,-0.4135842369366163
2025-10-04-08-26-58,74.14800000000001,0.15944723618092382,13.074292965571264,0.028114849738091863
2025-10-04-08-26-59,75.818,1.8294472361809113,13.368759023354396,0.3225809075212247
2025-10-04-08-27-00,76.82000000000001,2.831447236180921,13.545438658024281,0.4992605421911094
2025-10-04-08-27-01,77.488,3.499447236180913,13.663225081137535,0.6170469653043629
2025-10-04-08-27-02,78.156,4.167447236180919,13.78101150425079,0.7348333884176181
2025-10-04-08-27-03,78.49000000000001,4.501447236180923,13.839904715807418,0.7937265999742458
2025-10-04-08-27-04,70.307,-3.6815527638190844,12.397021032670047,-0.649157083163125
2025-10-04-08-27-05,68.804,-5.1845527638190845,12.132001580665225,-0.9141765351679467
2025-10-04-08-27-06,67.301,-6.687552763819085,11.866982128660402,-1.1791959871727702
2025-10-04-08-27-07,68.637,-5.351552763819086,12.10255497488691,-0.9436231409462614
2025-10-04-08-27-08,69.973,-4.0155527638190875,12.338127821113419,-0.7080502947197527
2025-10-04-08-27-09,70.97500000000001,-3.013552763819078,12.514807455783304,-0.531370660049868
2025-10-04-08-27-10,71.643,-2.345552763819086,12.632593878896555,-0.4135842369366163
2025-10-04-08-27-11,72.812,-1.176552763819089,12.838720119344751,-0.20745799648842045
2025-10-04-08-27-12,73.98100000000001,-0.007552763819077768,13.044846359792949,-0.0013317560402228423
2025-10-04-08-27-13,74.315,0.3264472361809112,13.103739571349575,0.057561455516403015
2025-10-04-08-27-14,75.48400000000001,1.4954472361809223,13.309865811797772,0.2636876959646006
2025-10-04-08-27-15,76.82000000000001,2.831447236180921,13.545438658024281,0.4992605421911094
2025-10-04-08-27-16,78.32300000000001,4.334447236180921,13.810458110029103,0.7642799941959311
2025-10-04-08-27-17,79.158,5.169447236180915,13.957691138920671,0.9115130230874993
2025-10-04-08-27-18,78.49000000000001,4.501447236180923,13.839904715807418,0.7937265999742458
2025-10-04-08-27-19,77.321,3.3324472361809114,13.63377847535922,0.5876003595260482
2025-10-04-08-27-20,75.15,1.1614472361809192,13.250972600241145,0.204794484407973
2025-10-04-08-27-21,70.808,-3.1805527638190796,12.485360850004989,-0.5608172658281827
2025-10-04-08-27-22,71.309,-2.679552763819089,12.573700667339928,-0.4724774484932439
2025-10-04-08-27-23,70.641,-3.347552763819081,12.455914244226676,-0.5902638716064956
2025-10-04-08-27-24,69.47200000000001,-4.516552763819078,12.24978800377848,-0.7963901120546915
2025-10-04-08-27-25,68.303,-5.685552763819089,12.043661763330283,-1.002516352502889
2025-10-04-08-27-26,67.802,-6.18655276381908,11.955321945995344,-1.0908561698378278
2025-10-04-08-27-27,70.14,-3.848552763819086,12.367574426891734,-0.678603688941438
2025-10-04-08-27-28,74.315,0.3264472361809112,13.103739571349575,0.057561455516403015
2025-10-04-08-27-29,75.31700000000001,1.3284472361809208,13.280419206019458,0.23424109018628592
2025-10-04-08-27-30,75.818,1.8294472361809113,13.368759023354396,0.3225809075212247
2025-10-04-08-27-31,76.152,2.1634472361809145,13.427652234911024,0.38147411907785234
2025-10-04-08-27-32,76.319,2.330447236180916,13.457098840689339,0.41092072485616704
2025-10-04-08-27-33,75.31700000000001,1.3284472361809208,13.280419206019458,0.23424109018628592
2025-10-04-08-27-34,73.313,-0.6755527638190841,12.927059936679694,-0.11911817915347811
2025-10-04-08-27-35,67.301,-6.687552763819085,11.866982128660402,-1.1791959871727702
2025-10-04-08-27-36,68.804,-5.1845527638190845,12.132001580665225,-0.9141765351679467
2025-10-04-08-27-37,74.14800000000001,0.15944723618092382,13.074292965571264,0.028114849738091863
2025-10-04-08-27-38,74.983,0.9944472361809176,13.22152599446283,0.17534787862965828
2025-10-04-08-27-39,81.49600000000001,7.507447236180923,14.369943619817063,1.323765503983891
2025-10-04-08-27-40,82.498,8.509447236180918,14.546623254486944,1.500445138653772
2025-10-04-08-27-41,83.5,9.511447236180913,14.723302889156825,1.6771247733236532
2025-10-04-08-27-42,84.50200000000001,10.513447236180923,14.89998252382671,1.8538044079935379
2025-10-04-08-27-43,85.003,11.014447236180914,14.988322341161648,1.9421442253284766
2025-10-04-08-27-44,71.81,-2.1785527638190842,12.66204048467487,-0.3841376311583016
2025-10-04-08-27-45,70.641,-3.347552763819081,12.455914244226676,-0.5902638716064956
2025-10-04-08-27-46,72.47800000000001,-1.5105527638190779,12.779826907788125,-0.2663512080450463
2025-10-04-08-27-47,73.48,-0.5085527638190825,12.956506542458007,-0.08967157337516518
2025-10-04-08-27-48,74.315,0.3264472361809112,13.103739571349575,0.057561455516403015
2025-10-04-08-27-49,75.15,1.1614472361809192,13.250972600241145,0.204794484407973
2025-10-04-08-27-50,75.65100000000001,1.662447236180924,13.339312417576085,0.29313430174291355
2025-10-04-08-27-51,75.31700000000001,1.3284472361809208,13.280419206019458,0.23424109018628592
2025-10-04-08-27-52,74.649,0.6604472361809144,13.162632782906202,0.11645466707303065
2025-10-04-08-27-53,67.96900000000001,-6.019552763819078,11.984768551773657,-1.061409564059515
2025-10-04-08-27-54,67.802,-6.18655276381908,11.955321945995344,-1.0908561698378278
2025-10-04-08-27-55,67.468,-6.520552763819083,11.896428734438716,-1.1497493813944555
2025-10-04-08-27-56,70.474,-3.5145527638190828,12.426467638448361,-0.6197104773848103
2025-10-04-08-27-57,73.647,-0.34155276381908095,12.985953148236321,-0.060224967596850476
2025-10-04-08-27-58,76.152,2.1634472361809145,13.427652234911024,0.38147411907785234
2025-10-04-08-27-59,77.321,3.3324472361809114,13.63377847535922,0.5876003595260482
2025-10-04-08-28-00,77.822,3.833447236180916,13.722118292694162,0.6759401768609905
2025-10-04-08-28-01,77.488,3.499447236180913,13.663225081137535,0.6170469653043629
2025-10-04-08-28-02,76.82000000000001,2.831447236180921,13.545438658024281,0.4992605421911094
2025-10-04-08-28-03,69.138,-4.850552763819081,12.190894792221853,-0.8552833236113191
2025-10-04-08-28-04,68.637,-5.351552763819086,12.10255497488691,-0.9436231409462614
2025-10-04-08-28-05,68.971,-5.017552763819083,12.161448186443538,-0.8847299293896338
2025-10-04-08-28-06,72.812,-1.176552763819089,12.838720119344751,-0.20745799648842045
2025-10-04-08-28-07,74.315,0.3264472361809112,13.103739571349575,0.057561455516403015
2025-10-04-08-28-08,74.983,0.9944472361809176,13.22152599446283,0.17534787862965828
2025-10-04-08-28-09,75.31700000000001,1.3284472361809208,13.280419206019458,0.23424109018628592
2025-10-04-08-28-10,75.65100000000001,1.662447236180924,13.339312417576085,0.29313430174291355
2025-10-04-08-28-11,75.818,1.8294472361809113,13.368759023354396,0.3225809075212247
2025-10-04-08-28-12,69.806,-4.182552763819089,12.308681215335106,-0.7374969004980656
2025-10-04-08-28-13,70.474,-3.5145527638190828,12.426467638448361,-0.6197104773848103
2025-10-04-08-28-14,71.14200000000001,-2.8465527638190764,12.544254061561617,-0.5019240542715551
2025-10-04-08-28-15,75.818,1.8294472361809113,13.368759023354396,0.3225809075212247
2025-10-04-08-28-16,74.14800000000001,0.15944723618092382,13.074292965571264,0.028114849738091863
2025-10-04-08-28-17,70.808,-3.1805527638190796,12.485360850004989,-0.5608172658281827
2025-10-04-08-28-18,70.307,-3.6815527638190844,12.397021032670047,-0.649157083163125
2025-10-04-08-28-19,71.14200000000001,-2.8465527638190764,12.544254061561617,-0.5019240542715551
2025-10-04-08-28-20,71.81,-2.1785527638190842,12.66204048467487,-0.3841376311583016
2025-10-04-08-28-21,73.647,-0.34155276381908095,12.985953148236321,-0.060224967596850476
2025-10-04-08-28-22,75.15,1.1614472361809192,13.250972600241145,0.204794484407973
2025-10-04-08-28-23,74.315,0.3264472361809112,13.103739571349575,0.057561455516403015
2025-10-04-08-28-24,72.64500000000001,-1.3435527638190763,12.80927351356644,-0.2369046022667316
2025-10-04-08-28-25,70.474,-3.5145527638190828,12.426467638448361,-0.6197104773848103
2025-10-04-08-28-26,71.14200000000001,-2.8465527638190764,12.544254061561617,-0.5019240542715551
2025-10-04-08-28-27,72.47800000000001,-1.5105527638190779,12.779826907788125,-0.2663512080450463
2025-10-04-08-28-28,73.313,-0.6755527638190841,12.927059936679694,-0.11911817915347811
2025-10-04-08-28-29,69.63900000000001,-4.3495527638190765,12.279234609556795,-0.7669435062763768
2025-10-04-08-28-30,68.637,-5.351552763819086,12.10255497488691,-0.9436231409462614
2025-10-04-08-28-31,69.806,-4.182552763819089,12.308681215335106,-0.7374969004980656
2025-10-04-08-28-32,73.313,-0.6755527638190841,12.927059936679694,-0.11911817915347811
2025-10-04-08-28-33,74.315,0.3264472361809112,13.103739571349575,0.057561455516403015
2025-10-04-08-28-34,74.816,0.827447236180916,13.192079388684515,0.14590127285134358
2025-10-04-08-28-35,74.816,0.827447236180916,13.192079388684515,0.14590127285134358
2025-10-04-08-28-36,75.65100000000001,1.662447236180924,13.339312417576085,0.29313430174291355
2025-10-04-08-28-37,74.816,0.827447236180916,13.192079388684515,0.14590127285134358
2025-10-04-08-28-38,73.146,-0.8425527638190857,12.897613330901379,-0.14856478493179281
2025-10-04-08-28-39,74.983,0.9944472361809176,13.22152599446283,0.17534787862965828
2025-10-04-08-28-40,75.985,1.996447236180913,13.398205629132711,0.3520275132995394
2025-10-04-08-28-41,77.321,3.3324472361809114,13.63377847535922,0.5876003595260482
2025-10-04-08-28-42,77.989,4.000447236180918,13.751564898472475,0.7053867826393034
2025-10-04-08-28-43,77.655,3.6664472361809146,13.692671686915848,0.6464935710826758
2025-10-04-08-28-44,76.98700000000001,2.9984472361809225,13.574885263802594,0.5287071479694223
2025-10-04-08-28-45,72.64500000000001,-1.3435527638190763,12.80927351356644,-0.2369046022667316
2025-10-04-08-28-46,75.15,1.1614472361809192,13.250972600241145,0.204794484407973
2025-10-04-08-28-47,75.985,1.996447236180913,13.398205629132711,0.3520275132995394
2025-10-04-08-28-48,76.486,2.4974472361809177,13.486545446467654,0.44036733063448175
2025-10-04-08-28-49,76.152,2.1634472361809145,13.427652234911024,0.38147411907785234
2025-10-04-08-28-50,75.48400000000001,1.4954472361809223,13.309865811797772,0.2636876959646006
2025-10-04-08-28-51,71.643,-2.345552763819086,12.632593878896555,-0.4135842369366163
2025-10-04-08-28-52,72.311,-1.6775527638190795,12.750380302009813,-0.29579781382335923
2025-10-04-08-28-53,73.146,-0.8425527638190857,12.897613330901379,-0.14856478493179281
2025-10-04-08-28-54,73.647,-0.34155276381908095,12.985953148236321,-0.060224967596850476
2025-10-04-08-28-55,72.979,-1.0095527638190873,12.868166725123066,-0.17801139071010574
2025-10-04-08-28-56,69.305,-4.68355276381908,12.220341398000166,-0.8258367178330062
2025-10-04-08-28-57,69.973,-4.0155527638190875,12.338127821113419,-0.7080502947197527
2025-10-04-08-28-58,70.641,-3.347552763819081,12.455914244226676,-0.5902638716064956
2025-10-04-08-28-59,70.97500000000001,-3.013552763819078,12.514807455783304,-0.531370660049868
# Stockdon_R2%,1.3124
# observed_R2%,1.9445
# regime,intermediate
# slope_deg,10.0
# beta,0.1763
# H0_m,2.0
# T0_s,5.0
# L0_m,39.03
